Workbook

Sheet Firebase
A1: Setting up Firebase | B1: Scribe link
A3: 1. Create the Firebase project | B3: https://scribehow.com/viewer/Create_a_Firebase_Project__iojkdmbnTdiIcW2nEi8RSA
A4: Create default react project. This will be a firebase hosted project. I have created the .env file with the firebase credentials. The github repository is https://github.com/heinrichwest/Personal_budget. The first user is created and will also be the systemadmin user. This is hein@speccon.co.za. The system admin user with handle all system configurations, manage users and set roles for users.
A5: 2. Enable User login Authentication | B5: https://scribehow.com/viewer/Enable_EmailPassword_Authentication_in_Firebase__lhnJ_dNQQtW9t4Q3xcg2dQ
A6: 3. Setting up the database | B6: https://scribehow.com/viewer/Create_a_Firestore_Database_in_Firebase__SaiKXmaaTZiS2spcdUNBeQ
A7: 4. Add your Firebase config to the React app folder | B7: https://scribehow.com/viewer/Create_env_file__iEYivBJpR7yYQXH8b7KJZg
A8: =LEFT(D92,FIND("=",D92))&E17 -> VITE_FIREBASE_API_KEY="AIzaSyCSlSRveChHGfPkAIkNON0gjryhVCUpa5M"
A9: =LEFT(D93,FIND("=",D93))&E18 -> VITE_FIREBASE_AUTH_DOMAIN="hr-system-9dfae.firebaseapp.com"
A10: =LEFT(D94,FIND("=",D94))&E19 -> VITE_FIREBASE_PROJECT_ID="hr-system-9dfae"
A11: =LEFT(D95,FIND("=",D95))&E69 -> VITE_FIREBASE_STORAGE_BUCKET="hr-system-9dfae.firebasestorage.app"
A12: =LEFT(D96,FIND("=",D96))&E70 -> VITE_FIREBASE_MESSAGING_SENDER_ID="607071373714"
A13: =LEFT(D97,FIND("=",D97))&E71 -> VITE_FIREBASE_APP_ID="1:607071373714:web:19ca9b9005c7e8c7bc994b"
A14: =LEFT(D98,FIND("=",D98))&E72 -> VITE_FIREBASE_MEASUREMENT_ID="G-1T24FDGC73"
A15: 5. Create the default React App on your local machine | B15: https://scribehow.com/viewer/Create_React_Files_in_IDE__UcHPaSbpT7OEDfEXdEUATQ
A16: Create all the defualt React files for me and start the local server. I want to develop a program that will be hosted on Firebase, I have already created the .env file with all the Firebase credentials, and created the database.
A17: 6. Get new database rules for firebase | B17: https://scribehow.com/viewer/Create_New_Rules_for_Firebase_Database__Xd1IBNfnTimr63GVFMuM5Q | D17: ='Firebase Cred Copy from Step 1'!A10 -> apiKey: "AIzaSyCSlSRveChHGfPkAIkNON0gjryhVCUpa5M", | E17: =SUBSTITUTE(TRIM(MID(D17,FIND(":",D17)+1,100)),",","") -> "AIzaSyCSlSRveChHGfPkAIkNON0gjryhVCUpa5M"
A18: 7. Change rules in Firebase | B18: https://scribehow.com/viewer/Update_Firestore_Security_Rules__NEeJ582eRHqPvcfkmBXGvw | D18: ='Firebase Cred Copy from Step 1'!A11 -> authDomain: "hr-system-9dfae.firebaseapp.com", | E18: =SUBSTITUTE(TRIM(MID(D18,FIND(":",D18)+1,100)),",","") -> "hr-system-9dfae.firebaseapp.com"
A19: 8. Add hosting on firebase | D19: ='Firebase Cred Copy from Step 1'!A12 -> projectId: "hr-system-9dfae", | E19: =SUBSTITUTE(TRIM(MID(D19,FIND(":",D19)+1,100)),",","") -> "hr-system-9dfae"
A30: https://demos-425b6.web.app/
A31: Learner: learner@example.com / Password: learner123
A32: Admin: admin@example.com / Password: admin123
A44: 4. Restart your dev server if it’s running:
A46: cd app
A47: npm run dev
A48: 1. Open http://localhost:5173 (or whatever port Vite uses) and check:
A49: On the page you should see “Firebase app ID: \<your-app-id\>”.
A50: If it shows “Missing – check your .env”, the variables are not loaded correctly (double-check .env location and names).
A51: Now the React app is truly connected to Firebase and ready for Auth/Firestore.
A53: 5. Prepare Firebase Hosting on Google Cloud
A54: This part uses the Firebase CLI and will actually put your app on Google’s infrastructure.
... A68: Build and deploy
D69: ='Firebase Cred Copy from Step 1'!A13 -> storageBucket: "hr-system-9dfae.firebasestorage.app", | E69: =SUBSTITUTE(TRIM(MID(D69,FIND(":",D69)+1,100)),",","") -> "hr-system-9dfae.firebasestorage.app"
A70: npm run build | D70: ='Firebase Cred Copy from Step 1'!A14 -> messagingSenderId: "607071373714", | E70: =SUBSTITUTE(TRIM(MID(D70,FIND(":",D70)+1,100)),",","") -> "607071373714"
A71: firebase deploy --only hosting | D71: ='Firebase Cred Copy from Step 1'!A15 -> appId: "1:607071373714:web:19ca9b9005c7e8c7bc994b", | E71: =SUBSTITUTE(TRIM(MID(D71,FIND(":",D71)+1,100)),",","") -> "1:607071373714:web:19ca9b9005c7e8c7bc994b"
A72: After that: | D72: ='Firebase Cred Copy from Step 1'!A16 -> measurementId: "G-1T24FDGC73" | E72: =SUBSTITUTE(TRIM(MID(D72,FIND(":",D72)+1,100)),",","") -> "G-1T24FDGC73"
A73: Firebase will show a Hosting URL where your React app is live on Google Cloud.
D92: VITE_FIREBASE_API_KEY=your-api-key
D93: VITE_FIREBASE_AUTH_DOMAIN=your-project-id.firebaseapp.com
D94: VITE_FIREBASE_PROJECT_ID=your-project-id
D95: VITE_FIREBASE_STORAGE_BUCKET=your-project-id.appspot.com
D96: VITE_FIREBASE_MESSAGING_SENDER_ID=your-messaging-sender-id
D97: VITE_FIREBASE_APP_ID=your-app-id
D98: VITE_FIREBASE_MEASUREMENT_ID=your-measurement-id-optional

Sheet Firebase Cred Copy from Step 1
A1: // Import the functions you need from the SDKs you need
A2: import { initializeApp } from "firebase/app";
A3: import { getAnalytics } from "firebase/analytics";
A4: // TODO: Add SDKs for Firebase products that you want to use
A5: // https://firebase.google.com/docs/web/setup#available-libraries
A7: // Your web app's Firebase configuration
A8: // For Firebase JS SDK v7.20.0 and later, measurementId is optional
A9: const firebaseConfig = {
A10: apiKey: "AIzaSyCSlSRveChHGfPkAIkNON0gjryhVCUpa5M",
A11: authDomain: "hr-system-9dfae.firebaseapp.com",
A12: projectId: "hr-system-9dfae",
A13: storageBucket: "hr-system-9dfae.firebasestorage.app",
... A21: const analytics = getAnalytics(app);

Sheet First IDE Prompts
A2: 1 | B2: Test User create
B3: Go to Firebase and authentication and create one user for every role you need
B4: For example Admin@speccon.co.za, systemuser1@test.co.za
A6: 2 | B6: Users Login
B7: Setup login for users to either use email and password I created or the microsoft exchange login we setup
A9: 3 | B9: Admin role
B10: Create the following options for the admin user:
B11: Add the admin functions for the admin role. First one is user management. See a list features and roles. Roles should be on top, and then admin can tick boxes on what should be available for each user
A13: 4 | B13: Take the applicable brand guide text, and put into a text file and put that into your project files
B14: Use the brand guide text file (Insert path, for example "C:\Users\Asus\OneDrive - Speccon Holdings (Pty) Ltd\Software Development\Projects v2\Performance Management\SpecCon Brand Guide - Text Version.txt"), and make sure the program looks like the brand guide specifies
B15: - Headers must be on top
B16: - Profile icon must be on top right, and applicable role for user. Don’t show user email or the word "profile"
B17: - Notification icon must be top right for all system notifications
B18: - New releases star icon where we will list new features and big fixes. And if somebody clicks on it, show detail of what is released
A20: 5 | B20: Seed data
B21: if it’s a prototyoe system, then create seeddata, which can be changed if people used it to reset to to ensure the system can be tested with live data

Sheet Deploy
A1: Rules | B1: firebase deploy --only firestore:rules | E1: npx playwright test | F1: Runs the end-to-end tests.
A2: Login | B2: firebase login --reauth | E2: npx playwright test --ui | F2: Starts the interactive UI mode.
E3: npx playwright test --project=chromium | F3: Runs the tests only on Desktop Chrome.
A4: Kill port | B4: netstat -ano | findstr :3000 | E4: npx playwright test example | F4: Runs the tests in a specific file.
E5: npx playwright test --debug | F5: Runs the tests in debug mode.
E6: npx playwright codegen | F6: Auto generate tests with Codegen.

Sheet Trouidees Brand Guide
A1: 1. Brand Overview
A3: Name: Trou Idees
A4: Tagline: Your partner in wedding planning
A6: Core purpose:
A7: To guide and inspire couples – from engagement, through wedding planning, into marriage and everyday lifestyle.
A9: Brand promise:
A11: You don’t have to go through the planning and emotions of your wedding day and marriage alone – Trou Idees walks the journey with you like a trusted friend.
A15: 2. Brand Essence
A17: 2.1 Mission
A19: Help couples create a beautiful, meaningful wedding day.
A21: Encourage couples to invest more in their marriage than only their wedding day, with God at the center.
A23: 2.2 Values
... A115: Suggested core palette for a romantic, faith-rooted wedding brand:
A117: Role | B117: Name | C117: Hex | D117: Typical use
A118: Primary dark | B118: Charcoal | C118: #191919 | D118: Main text, icons, button text.
A119: Light background | B119: Soft Ivory | C119: #FFF8F2 | D119: Page backgrounds, sections, documents.
A120: Romantic accent | B120: Blush Rose | C120: #F9E3E8 | D120: Buttons, highlights, banners, subtle background blocks.
A121: Deep accent | B121: Deep Wine | C121: #5C1225 | D121: Important headings, strong CTAs, key highlights.
A122: Metallic accent | B122: Rose Gold | C122: #C48A7A | D122: Lines, borders, small decorative elements.
A124: Usage rules:
A126: Keep backgrounds soft and light, with charcoal for readability.
A128: Use blush and rose gold as accents, not as the main colour everywhere.
A130: Use Deep Wine for high-impact moments (important headings, CTA buttons).
A134: 4.3 Typography (Fonts)
A136: Concept: Elegant serif for headings + clean sans-serif for body text.
A138: 1. Headings (H1–H3):
A142: Recommended: Playfair Display or Cormorant Garamond
A144: Weight: Semi-bold/Bold
A146: Use for titles, quotes, and hero text.
A148: 2. Body text:
A152: Recommended: Lato, Open Sans, or Montserrat
... A364: #WeddingInspiration

Sheet Academy Brand Guide
A1: ================================================================================
A2: SPECCON ACADEMY BRAND GUIDE
A3: November 2025
A4: ================================================================================
A6: TABLE OF CONTENTS
A7: -----------------
A8: 1. Brand Overview
A9: 2. Colour Palette
A10: 3. Typography
A11: 4. Logo Usage
A12: 5. Imagery Direction
A13: 6. Layout & Graphic Devices
... A101: abcdefghijklmnopqrstuvwxyz
A102: 1234567890
A104: ROBOTO (Wide/Body Usage)
A105: Weights: Regular, Bold, Thin, Light
A106: Use for: Body copy, subheadings, UI elements, general text
A107: Character: Clean, readable, versatile
A109: ABCDEFGHJIKLMNOPQRSTUVWXYZ
A110: abcdefghjiklmnopqrstuvwxyz
A111: 1234567890
A113: TYPOGRAPHY GUIDELINES
A114: ---------------------
A115: • Headlines: Harabara - bold and energetic, always legible
A116: • Body text: Roboto Regular or Light
A117: • Emphasis: Roboto Bold
A118: • Avoid overly corporate or cluttered text layouts
A119: • Keep text hierarchy clear and consistent
A122: ================================================================================
A123: 4. LOGO USAGE
A124: ================================================================================
A126: LOGO DESCRIPTION
A127: ----------------
... A364: Warm, clear, helpful, South African English, supportive
